Tweet ID,Author ID,Tanggal,Isi Tweet,Retweet Count,Reply Count,Like Count,Quote Count
1917051374619267575,886907831588278272,2025-04-29T03:00:39.000Z,"RT @The_RedsIndo: Gary Neville menegaskan bahwa Liverpool adalah klub terbesar di Inggris.

Neville: ""Liverpool memiliki lebih banyak Piala‚Ä¶",111,0,0,0
1917050891376754884,1794138492248997888,2025-04-29T02:58:44.000Z,"@Sougo_83 @utdfocusid Udah dong, jd kompetisi tertingginya saat itu First Division setelah itu baru diganti PL. First Division skrg berubah jd Championship Division

Yg selalu jd perdebatan kan, perhitungan trofi liga inggris dimulai sejak kapan",0,0,0,0
1917050850809418157,1457685789454704649,2025-04-29T02:58:34.000Z,"RT @idextratime: ‚úÖ RESMI : Arsenal kembali kalah tipis dalam perebutan gelar juara Liga Inggris.

2023 : Runner-up 
2024 : Runner-up 
2025‚Ä¶",76,0,0,0
1917049449563754724,71436318,2025-04-29T02:53:00.000Z,"Warisannya Antar Liverpool Juara Liga Inggris Lagi, Ini Kata-Kata Jurgen Klopp

https://t.co/jBjkHIzt4v",0,0,0,0
1917049167995932706,71436318,2025-04-29T02:51:53.000Z,"Liverpool Pesta Gol ke Gawang Tottenham Hotspurs, Pastikan Gelar Liga Inggris 2025

https://t.co/xCnwR02Ay0",0,0,2,0
1917047034915475585,2321235622,2025-04-29T02:43:24.000Z,Mo Salah Catat Rekor Usai Kunci Gelar Juara Untuk Liverpool Di Liga Inggris https://t.co/FBZE55Aa20,0,0,0,0
1917046878514057299,1686980134283489280,2025-04-29T02:42:47.000Z,"RT @txtdrkeylie: mau 13 epl kek, 2 epl kek. itungan secara keseluruhannya ttp GELAR LIGA INGGRIS. fans emyu jgn berisik dah kocak, mending‚Ä¶",52,0,0,0
1917046243408416874,1044414913,2025-04-29T02:40:16.000Z,"RT @idextratime: ‚úÖ RESMI : Liverpool kini SAMAI jumlah trofi Liga Inggris Manchester United. ü§ùüèÜ

üìù @sportingintel https://t.co/svqHzHypfT",705,0,0,0
1917045996921754000,758469152,2025-04-29T02:39:17.000Z,"Siapa sangka, 11 pundit Premier League tak ada satu pun yang memprediksi Liverpool juara Liga Inggris 2024/25.
Ya namanya juga pundit, mereka tetaplah manusia biasa. üòÅ
Selamat Liverpool! #Liverpool #LiverpoolFC #Liverpoolchampions #PremierL
https://t.co/NDTpoyd9sm",0,0,0,0
1917044471440806330,1819410119496794112,2025-04-29T02:33:13.000Z,"@DwiPrasetyaSan1 @TohhirRadin @LaunchSatelite @liskiataumi @idextratime @footballontnt Iyaa tau ko bang, cuman yang gua bilang tim yang pernah juara. Liga Inggris lebih banyak kan, itu kan udah menggambarkan segimana kompetitif nya liga itu",0,0,0,0
1917044107635265636,1908614743658831872,2025-04-29T02:31:46.000Z,"RT @mitosbola: Liverpool Berpeluang Pecahkan Rekor Selisih Poin Terbesar Liga Inggris

U-kiss #HQ_AGZEPS147 #HANDSUP_BY_MEOVV

https://t.co‚Ä¶",6,0,0,0
1917043939221377053,1915555858240724994,2025-04-29T02:31:06.000Z,"RT @mitosbola: Liverpool Berpeluang Pecahkan Rekor Selisih Poin Terbesar Liga Inggris

U-kiss #HQ_AGZEPS147 #HANDSUP_BY_MEOVV

https://t.co‚Ä¶",6,0,0,0
1917043416816562430,1183082013143625728,2025-04-29T02:29:02.000Z,"RT @idextratime: ‚úÖ RESMI : Liverpool kini SAMAI jumlah trofi Liga Inggris Manchester United. ü§ùüèÜ

üìù @sportingintel https://t.co/svqHzHypfT",705,0,0,0
1917043374525386790,1808011735724613633,2025-04-29T02:28:52.000Z,"@NAGAHITAM__ @idextratime @footballontnt Banyakan Persija vs Persib, berrt liga inggris gak ada apa apanya Ama liga indo",0,0,4,0
1917042794805493845,1049550017181052929,2025-04-29T02:26:33.000Z,"@captMarvelouss @idextratime @footballontnt Lah sok tau, liga inggris yg udh juara eropa byk yg ngerasain, di ucl aja big six hampir semuanya udh pernah juara. Liga lain cuma barca, madrid, munchen yg juara ucl, udh itu2 aja. Argumen lu gaje",0,0,0,0
1917041855700865438,279235098,2025-04-29T02:22:49.000Z,"RT @The_RedsIndo: Gary Neville menegaskan bahwa Liverpool adalah klub terbesar di Inggris.

Neville: ""Liverpool memiliki lebih banyak Piala‚Ä¶",111,0,0,0
1917041452221403324,1656129140591046657,2025-04-29T02:21:13.000Z,"@pretendto068 @The_RedsIndo Arsenal secara tropi aja terbanyak ketiga setelah Liverpool &amp; MU, dilihat dari tropi liga Inggris juga Arsenal nomor 3, jadi tim mana yg ngga layak?",0,0,0,0
1917041429622436239,1377182661492449280,2025-04-29T02:21:08.000Z,"RT @The_RedsIndo: Daftar kapten Liverpool saat memenangi gelar Liga Inggris:

üè¥Û†ÅßÛ†Å¢Û†Å≥Û†Å£Û†Å¥Û†Åø Alex Raisbeck (1900-01, 1905-06)
üè¥Û†ÅßÛ†Å¢Û†Å≥Û†Å£Û†Å¥Û†Åø Donald Macki‚Ä¶",70,0,0,0
1917041332465631256,79945241,2025-04-29T02:20:45.000Z,@The_RedsIndo Kan emang 20.. yg blg 2 siapa? Klo d format EPL mmg 2.. klo total juara Liga utama Inggris y 20.. gmn dah? Kan mmg sama dgn MU 20 juara.. biasa itu.. dulu pas MU masih 7 gelar trus nyamain jd 18 apakah seberisik ini jg?,0,0,0,0
1917039999079661871,1844618478797586436,2025-04-29T02:15:27.000Z,"RT @lupa_mancing: Mentari menyapa juara liga inggris. Scouse is not england. Kepalkan tanganmu kawand‚úä‚úä. Sampai menang.
#YNWA #aaauuuwww ht‚Ä¶",1,0,0,0
1917039762847989893,1799253488335237120,2025-04-29T02:14:30.000Z,"RT @nagromsew: @utdfocusid Lho ini ngakunya skrg punya 20 gelar? Ga 13 EPL?

Adu bacot sama fans Liverpool :
MU punya 13 gelar EPL, Liverpo‚Ä¶",2,0,0,0
1917039700357091604,1389491903125540874,2025-04-29T02:14:16.000Z,"RT @The_RedsIndo: Gary Neville menegaskan bahwa Liverpool adalah klub terbesar di Inggris.

Neville: ""Liverpool memiliki lebih banyak Piala‚Ä¶",111,0,0,0
1917039210525290529,1305514396983021569,2025-04-29T02:12:19.000Z,"RT @theflankerID: LIVERPOOL JUARA PREMIER LEAGUE

- Memutus dominasi Manchester City
- Slot mampu juara di musim perdana, lebih dulu dari A‚Ä¶",909,0,0,0
1917039170348085624,2980888980,2025-04-29T02:12:09.000Z,"Liverpool Kunci Juara Liga Inggris usai Hajar Tottenham Hotspur 5-1

Cakeeeppp",0,0,0,0
1917038891313598725,782217240947093504,2025-04-29T02:11:03.000Z,@DwiPrasetyaSan1 @Seiiraz @LaunchSatelite @liskiataumi @idextratime @footballontnt Hadiahnya juga banyakan liga inggris.apa lagi udah jelas Uefa dan para wasit...nya Kebanyakan bepihak ke tim spanyol,0,0,0,0
1917038532314730661,349142368,2025-04-29T02:09:37.000Z,"RT @txtdrkeylie: mau 13 epl kek, 2 epl kek. itungan secara keseluruhannya ttp GELAR LIGA INGGRIS. fans emyu jgn berisik dah kocak, mending‚Ä¶",52,0,0,0
1917038435560522219,4905458443,2025-04-29T02:09:14.000Z,"@ppnnooxx @AlfnGnrs @aldibawazier_ lah postingan lain beda konteks lah pea, selain baper, fans mu gak bisa ngecerna tulisan ya alias minim literasi....makanya stop bahas sejarah biar gak baper dan stress, btw Selamat liverpool udah menang 20 trofi liga Inggris",0,0,0,0
1917037519528767958,4905458443,2025-04-29T02:05:36.000Z,"@ppnnooxx @AlfnGnrs @aldibawazier_ nah coba lo baca lagi postingan aldi, ada bawa bawa MU? soalnya setau aku format liga inggris emang berubah sejak tahun 92.... Kebanyakan bahas sejarah jadinya baperan njir",0,1,0,0
1917036193910559112,1262586526136799233,2025-04-29T02:00:20.000Z,"RT @utdfocusid: Pejamkan mata lalu nikmati detik-detik terakhir kita sebagai penguasa Liga Inggris dengan 20 gelar juaranya.

Sebentar lagi‚Ä¶",156,0,0,0
1917036099467415942,1496309416836354048,2025-04-29T01:59:57.000Z,"@notfakboyyy @liskiataumi @idextratime @footballontnt musim ini enggak sih
dari 12 tim yang masih main di kompetisi eropa 4 dari liga inggris
dan musim depan ada kemungkinan inggris punya 6 wakil di liga champions kalau MU/Spurs juara europa",0,0,1,0
1917036095608647951,856460683696685056,2025-04-29T01:59:56.000Z,"RT @The_RedsIndo: Gary Neville menegaskan bahwa Liverpool adalah klub terbesar di Inggris.

Neville: ""Liverpool memiliki lebih banyak Piala‚Ä¶",111,0,0,0
1917035685745463542,1049838699607805953,2025-04-29T01:58:18.000Z,"@Seiiraz @TohhirRadin @LaunchSatelite @liskiataumi @idextratime @footballontnt Liga spanyol pemilik terbanyak gelar juara eropa. Bukan cuman UCL. UEL juga, bahkan sejak 2006, final UCL/UEL aja kalau tim spanyol vs inggris aja menang tim spanyol",0,2,1,0
1917034952048377981,1262586526136799233,2025-04-29T01:55:24.000Z,"RT @The_RedsIndo: Daftar kapten Liverpool saat memenangi gelar Liga Inggris:

üè¥Û†ÅßÛ†Å¢Û†Å≥Û†Å£Û†Å¥Û†Åø Alex Raisbeck (1900-01, 1905-06)
üè¥Û†ÅßÛ†Å¢Û†Å≥Û†Å£Û†Å¥Û†Åø Donald Macki‚Ä¶",70,0,0,0
1917034494416113997,1374626156159197187,2025-04-29T01:53:34.000Z,@idextratime @footballontnt predikat liga terbaik sih masih bisa diperdebatkan. tapi yang pasti liga inggris ini liga terseru untuk diikuti. apalagi jam tayangnya bersahabat untuk asia. kalau nonton liga lain gak tau kenapa bawaannya bosen ditonton.,0,0,1,0
1917034314266776050,1503612278528417794,2025-04-29T01:52:51.000Z,"RT @panditfootball: Wataru Endo jadi samurai keempat yang juara Liga Inggris üáØüáµ

Siapa lagi pemain Jepang yang bakal juara di Inggris? ü§î ht‚Ä¶",65,0,0,0
1917034142120001767,1683377775804284929,2025-04-29T01:52:10.000Z,Liverpool Patahkan Prediksi Tak Dijagokan Juara Liga Inggris 2024/2025 https://t.co/IRptZXDsD4,0,0,0,0
1917033625964712023,1649748461477330945,2025-04-29T01:50:07.000Z,"RT @The_RedsIndo: Gary Neville menegaskan bahwa Liverpool adalah klub terbesar di Inggris.

Neville: ""Liverpool memiliki lebih banyak Piala‚Ä¶",111,0,0,0
1917033458574189033,1866005410530066432,2025-04-29T01:49:27.000Z,"RT @The_RedsIndo: Gary Neville menegaskan bahwa Liverpool adalah klub terbesar di Inggris.

Neville: ""Liverpool memiliki lebih banyak Piala‚Ä¶",111,0,0,0
1917033170949836892,1819410119496794112,2025-04-29T01:48:19.000Z,"@TohhirRadin @LaunchSatelite @liskiataumi @idextratime @footballontnt Prestasi juara liga champion atau Europa, kalo dilihat banyak tim liga Inggris ko yang juara dibanding liga2 lain contoh Spain yang juara champions paling madrid barca liga Inggris nothingham sama Aston aja pernah",0,1,1,0
1917033136770396198,1866005410530066432,2025-04-29T01:48:11.000Z,"RT @BetaKopites: Dulu, pernah jadi lawan di Liga Belanda. 

Sekarang, jadi satu tim dan Juara bersama di Liga Inggris. 

Arne Slot ü§ù Virgil‚Ä¶",51,0,0,0
1917033058420854968,1757868126975541248,2025-04-29T01:47:52.000Z,"Mentari menyapa juara liga inggris. Scouse is not england. Kepalkan tanganmu kawand‚úä‚úä. Sampai menang.
#YNWA #aaauuuwww https://t.co/Jtku5yAdv3",1,1,3,0
1917032891894403473,785764405883482112,2025-04-29T01:47:12.000Z,RT @hariankompas: Liga Inggris musim 2024-2025 adalah pembuktian Liverpool sebagai tim perkasa meskipun awalnya dipandang sebelah mata. Mus‚Ä¶,1,0,0,0
1917032641154715668,1760635597604171776,2025-04-29T01:46:13.000Z,"@friginiawan @FabrizioRomano @VidioSports Ente kalo langganan mola atau vision+ apa gak kejang-kejang üòÖ

Ini yg provide liga 1, Liga Inggris yg grafiknya gede, bisa lancar jaya aja masih dibacotin",0,0,0,1
1917032324920971674,1804979948245176320,2025-04-29T01:44:57.000Z,"RT @deMan45567577: @aldibawazier_ Yg jelas, Divisi Utama Liga Inggris ada sejak 1888

Khusus Liverpool, gelar juara liga mereka sebagian be‚Ä¶",18,0,0,0
1917031678150905980,869397971800006656,2025-04-29T01:42:23.000Z,"RT @The_RedsIndo: Gary Neville menegaskan bahwa Liverpool adalah klub terbesar di Inggris.

Neville: ""Liverpool memiliki lebih banyak Piala‚Ä¶",111,0,0,0
1917031032018375135,1322972165428269057,2025-04-29T01:39:49.000Z,"RT @idextratime: ‚úÖ RESMI : Arsenal kembali kalah tipis dalam perebutan gelar juara Liga Inggris.

2023 : Runner-up 
2024 : Runner-up 
2025‚Ä¶",76,0,0,0
1917029714222629016,1634033420853743617,2025-04-29T01:34:35.000Z,"RT @txtdrkeylie: mau 13 epl kek, 2 epl kek. itungan secara keseluruhannya ttp GELAR LIGA INGGRIS. fans emyu jgn berisik dah kocak, mending‚Ä¶",52,0,0,0
1917029653333872685,1915220315027988480,2025-04-29T01:34:20.000Z,@mitosbola mantps liverpool juara liga inggrisüî•,0,0,0,0
1917029641942143469,811434103702597632,2025-04-29T01:34:17.000Z,"RT @panditfootball: Wataru Endo jadi samurai keempat yang juara Liga Inggris üáØüáµ

Siapa lagi pemain Jepang yang bakal juara di Inggris? ü§î ht‚Ä¶",65,0,0,0
1917029428766642647,1241924917588680704,2025-04-29T01:33:27.000Z,"RT @The_RedsIndo: Tim Big 5 dan kapan mereka terakhir juara Liga Inggris

‚Ä¢ Liverpool: 2025
‚Ä¢ Man City: 2024
‚Ä¢ Chelsea: 2017
‚Ä¢ Man United:‚Ä¶",86,0,0,0
